<?xml version="1.0"?>
<!DOCTYPE greeter SYSTEM "greeter.dtd">

<greeter gtk-theme="Mint-X">

  <!-- first we take care of the background stuff -->
  <item type="rect">
    <normal color="#ffffff"/>
    <pos x="0" y="0" width="100%" height="100%"/>
  </item>

  <item type="pixmap">
    <normal file="bg.png" alpha="1"/>
    <pos x="0" y="0" width="100%" height="100%"/>
  </item>
  
  <!-- the clock on topright -->
  <item type="label" id="clock">
    <normal color="#ffffff" font="DejaVu Sans Oblique 18" alpha="0.8"/>
    <pos x="-20" y="22" anchor="e"/>
    <text>%c</text>
  </item>
  
  <!-- the hostname on topleft -->
  <item type="label">
    <normal color="#ffffff" font="DejaVu Sans Oblique 12" alpha="1"/>
    <pos x="20" y="22" anchor="w"/>
    <text>%h</text>
  </item>
  
  <item type="rect" id="timed-rect">
    <show type="timed"/>
    <normal color="#eda417" alpha="0.3"/>
    <pos anchor="c" x="50%" y="55%" width="box" height="box"/>
    <box orientation="vertical" min-width="400" xpadding="10" ypadding="5" spacing="0">
      <item type="label" id="timed-label">
        <normal color="#ffffff" font="Sans 12"/>
        <pos x="50%" anchor="n"/>
	<!-- Stock label for: User %s will login in %d seconds -->
	<stock type="timed-label"/>
      </item>
    </box>
  </item>

  <item type="rect">
    <!-- just put our foot in the middle as a reference point for the rest -->
    <pos anchor="center"  x="50%" y="55%"/>
    <fixed>

    <!-- Behind Foot -->
    <item type="rect">
      <normal color="#eda417" alpha="0.3"/>
      <pos x="-300" y="80" width="80" height="51" anchor="nw"/>
    </item>

    <!-- Behind GNOME Desktop -->
    <item type="rect">
      <normal color="#eda417" alpha="0.3"/>
      <pos x="-220" y="80" width="180" height="51" anchor="nw"/>
    </item>

    <!-- Behind Input -->
    <item type="rect">
      <normal color="#eda417" alpha="0.3"/>
      <pos x="-40" y="80" width="320" height="51" anchor="nw"/>
    </item>

     <item type="pixmap">
       <normal file="icon2.png" alpha="1"/>
       <pos anchor="center" x="-260" y="105"/>
     </item>

     <item type="pixmap">
       <normal file="logo-atos.png" alpha="1" />
       <pos anchor="center" x="-25" y="104" />
     </item>

<!-- inp -->
     <item type="rect">
        <pos anchor="center" x="0" y="75" width="box" height="box"/>
          <box orientation="horizontal" spacing="3">
            <item type="rect">
              <!-- web designer trick - a spacer cell! ;-) -->
              <pos width="310" height="60" x="0" y="0"/>
            </item>
            <item type="label" id="pam-prompt">
                <pos anchor="e" x="50" y="100%"/>
	              <normal color="#ffffff" font="Sans 10"/>
		            <stock type="username-label"/>
	          </item>
            <item type="rect">
              <pos anchor="w" height="25" width="160" y="100%" expand="false"/>
                <fixed>
  	                <item type="entry" id="user-pw-entry" background="true">
                    <normal color="#ffffff" font="Sans 9"/>
                    <pos anchor="nw" x="6" y="0" height="-1" width="-8"/>
	          </item>
              
              </fixed>
            </item>
          </box>
        </item>


  <!-- session/language/disconnect buttons -->
    <item type="rect">
    <!-- the parent is hidden, but it just puts us on the correct place
         in relation to the loginbox - then we offset from it -->         
      <pos anchor="s" y="142" x="85"/>
      <box orientation="horizontal" xpadding="12" spacing="12" homogenous="false" >
	  <item type="label" id="language_button">
	    <normal color="#eeeeee" alpha="0.9" font="Sans 10"/>
	    <prelight color="#eda417" alpha="1" font="Sans 10"/>
	    <active color="#990000" font="Sans 10"/>
	    <stock type="language"/>
	  </item>

	  <item type="label" id="session_button">
	    <normal color="#eeeeee" alpha="0.9" font="Sans 10"/>
	    <prelight color="#eda417" alpha="1" font="Sans 10"/>
	    <active color="#990000" font="Sans 10"/>
	    <stock type="session"/>
	  </item>

	  <item type="label" id="system_button" button="true">
	    <show modes="console" type="system"/>
	    <normal color="#eeeeee" alpha="0.9" font="Sans 10"/>
	    <prelight color="#eda417" alpha="1" font="Sans 10"/>
	    <active color="#990000" font="Sans 10"/>
	    <stock type="system"/>
	  </item>

      <!-- OR -->

	  <item type="label" id="disconnect_button">
	    <normal color="#eeeeee" alpha="0.9" font="Sans 10"/>
	    <prelight color="#ffffff" alpha="1" font="Sans 10"/>
	    <active color="#990000" font="Sans 10"/>
	    <stock type="disconnect"/>
	    <show modes="remote"/>
	  </item>

          <item type="svg">
   	    <show modes="flexi"/>
            <normal file="vline.svg"/>
            <pos anchor="nw" width="10" height="30"/>
          </item>

	  <item type="label" id="disconnect_button">
	    <normal color="#eeeeee" alpha="0.9" font="Sans 10"/>
	    <prelight color="#ffffff" alpha="1" font="Sans 10"/>
	    <active color="#990000" font="Sans 10"/>
	    <stock type="quit"/>
	    <show modes="flexi"/>
	  </item>

    </box>
    </item>
    </fixed>
  </item>

  <item type="rect" id="caps-lock-warning">
    <normal color="#eeeeee" alpha="0.1"/>
    <pos anchor="c" x="50%" y="30%" width="box" height="box"/>
    <box orientation="vertical" min-width="400" xpadding="10" ypadding="5" spacing="0">
      <item type="label">
        <normal color="#eeeeee" font="Sans 14"/>
        <pos x="50%" anchor="n"/>
        <stock type="caps-lock-warning"/>
      </item>
      <item type="label">
        <normal color="#eeeeee" font="Sans 10"/>
        <pos x="50%" anchor="n"/>
        <text>Passwords and usernames are case-sensitive</text>
      </item>
    </box>
  </item>

  <item type="rect" id="pam-error">
    <pos anchor="c" x="0%" y="5%" width="box" height="box"/>
    <box orientation="vertical" min-width="500" xpadding="10" ypadding="5" spacing="0">
      <item type="label" id="pam-error">
        <normal color="#eeeeee" font="Sans 12" alpha="0.8"/>
        <pos x="-20" y="-40" anchor="n"/>
        <text></text>
      </item>
    </box>
  </item>

</greeter>


